1665903611, com.stephenedwards.caudex, caudex
6446212240, com.RahulBhalley.ConvoBrain, ConvoBrain: AI Chatbot
6446628148, com.rzmobile.fiyonkkuyumculuk, Fiyonk Kuyumculuk
1668672506, com.Ultimate.GlobalBags, Global Bags
6446391624, GoldenBlue.Cliboards, Keyboard Auto Paste Snap Spam
6446485601, com.MetinY.RotatePuzzle3D, Rotating Puzzle 3D
6446301396, com.saswell.thermostat.plus, Thermostat Plus
1644289079, com.wimboat.pro, Wimboat Shipowner
6446792189, com.QixingYizu, 启行易选
1644257259, com.zinpro.kennyapp, Speak EZ
6446630996, abc.prodein, ABC Prodein
6446110323, com.dctt.absclientapp, ABS App 2.0
1543383072, com.abundance.global, Abundance Global
6446093900, com.acremote.conditioner.Remote.controller.fortv, AC Remote & Air Conditioner
6445896627, com.daiylab.adaplus, Ada Plus
6446676602, com.gulserenbal.ageofgold, Age of gold
6446175148, com.flatgames.ageofsurvivors.io, Age of Survivors
6446325457, com.mrvina.ahasys, ahasys
1668845963, com.aigclinics.aigNow, AIG Now
6446309378, com.aipiano, Ai piano - piano keyboard
6446689382, com.techsimba.alg, ALG One2One
6446652078, com.allebrochures.store, Alle Brochures (BE)
6446621640, AllomalarRelise, Allomalar
6446679616, org.amca.amca, AMCA
6446755018, net.mauriciojunior.ecode10.anamariauniformes1, Ana Maria Uniformes
1643894224, com.guryou.ancapilates, Anca Pilates
1660898349, com.antiersolutions.Ancrypto, Ancrypto
1672232972, org.coruna.appcoruna, App Coruña
6446454760, com.andalusgames.arabiandagger, Arabian Dagger
6446683699, com.kod.arcanussideresort, Arcanus Side Resort
1671419364, com.armoniadevs.armonia, Armonia Guitar Companion
1632992501, org.alnf.warumunguftm, Arranji yukurnukku jinta!
6446605605, live.arrive.app, Arrive Booking
6446301894, com.KnightTerry.ArtiPhoto, ArtiPhoto - Wallpapers by AI
6446507903, com.takumi.taiwanmrt, Asia Rail Map - Tap to search!
6444564203, com.mitzigensa.assetmanager, Asset Manager - Mitzigen
1670393337, com.nickkohrn.AstrophotographyProjects, AstroPlans
6446669792, dev.oliverK.atomShoppingListRN, Atom Shopping List
1608877310, de.auric.hoertraining, audis Hörtraining
1623332430, com.bienmedia.aunomdelaterretv, AuNomdelaTerre.tv
6446630452, com.appokart.avtozona, Avtozona
6446670404, co.shopney.azzam1954, Azzam | 1954
1578646091, com.mitrevski.BabyApp, Baby Tracker Pro for Newborns
6446761066, com.Bonz.BadRabbit, Bad’s Rabbit
6446281896, com.Tinkerbox.BallSortIdle, Ball Sort Idle
6446491693, com.blast.baltimore, Baltimore Blast
6446758117, com.barnsteenstraat.upn.1129ch, Barnsteenstraat
1143836896, com.boogygames.BattleMod, Battle Mod
6446352432, com.chools.bazarerie, Bazarerie
1596925536, io.bbalance, BBalance
6446714632, com.BD.Bodybuilding, BD Bodybuilding
1659267610, de.badenapps.unserbdz, BDZ Baden
6446293298, rs.beautycenter.employees.app, Beauty Centar ADM
6446674794, com.fitnessmobileapps.bmapp754392, Beehive Pole Studio
1660440673, com.bekament.bk-loyalty-ino, Bekament Loyalty Ino
6446312328, com.mav.unimedinterni, BenvenUnimed
6446771309, de.bfs-ev, BFS Mobil
6446457844, com.universalSpirituality.BhaktiGanga, Bhakti Ganga
6446072175, com.jigsawgame.bibletheme, Bible Jigsaw Puzzles
6446627847, com.staple.bicycle.racing.crazy.game, Bicycle Racing 3D Game
6446409935, com.billtopup.app, Billtopup Prepaid Recharge
6446349470, com.naturata.app, BioMarkt Naturata
6445902248, app.birbal.advisor, Birbal Advisor
6446762989, com.kolef.BISAEZOU, BISAEZOU
1628369082, gh.blazar.app, Blazar App
6446240479, com.devstree.blitzar, BlitzAR
6446684183, ec.nokick, BlockBust
6446652739, com.YellDuck.Block-Bash, Block Line Up
1638096485, col.bloktopia.wallet, Bloktopia Wallet
6446678258, com.perfectgymsa.PerfectGymGo.PerfectGymGo2.Bluewater, Bluewater Leisure Centre
6444829128, com.impossible.bond.heartcompanion, Bond Heart Pulse App
6446767049, BrunildaLopez.BrainBoost, SF TD
1673283881, com.brawlStar.BestGuide.simulation, Brawl Pass and Stats for Brawl
6446714366, com.subsplashconsulting.34MFQQ, Brownsville Baptist
6446716333, com.BruderLibrary.BruderEnrichmentLibrary, Bruder Enrichment Library
6446643216, com.infiniteplus.brushmaster, Brush Master - Color Painter
6446097512, com.innosa.bucabizim, BucaBizim
6446627068, com.atclicks.buyerday, Buyerday India
6446757309, tashpmi.Buyrak-AI, Buyrak AI
6446126142, com.arketa.sjadenyc, BY SJ 2.0
6446660878, com.sufakecall.calleridto, CallMeApp - Prank Caller IDs
6446327922, com.apptest34.apptest, Call Recorder ACR ™
1552419407, com.campbellsci.CampbellGo, CampbellGo
6446765932, com.CampusQiubf, Campus Qiubf
1672688728, com.vuild.WriteLikeMe, Captions
6446203459, com.philippeetienne.carcareidle, Car Care Idle
6446760106, hu.carinopizzabp, Carino amit csak akarsz
6446227840, fasting.carnivore.diet.meal, Carnivore - Fasting & Feasting
6445924590, com.ayberkoz.CTFPApp, Catch The Football Players
1668372746, org.caterthumb, CaterThumb
6446683483, com.cellvilla.cellvilla, Cell Villa
6446637736, ie.zappy.chargeduprecovery, Charged Up Recovery
6446139178, com.mycompany.charjebeta, Charje
6446021031, checkers.online.play.draughts.game.damas.dame, Checkers Online & Offline Game
1663484649, com.technolee.rn.chemisto, Chemisto – Wholesale
6446291033, com.clubautomation.chhrc.new, CHHRC
6444290667, com.cheepsoft.ChristmasCountdown, Christmas Countdown Every Year
6445983839, com.edular.chrysm, Chrysm
6446495151, com.chungcucharmplaza, Chung Cư Charm Plaza
6446715403, com.subsplashconsulting.9327Q5, Church in Livonia
