479516143, com.mojang.minecraftpe, Minecraft
623592465, com.wb.Ellen.HeadsUp, Heads Up!
932747118, com.liguangming.Shadowrocket, Shadowrocket
294934058, com.hotschedules.hotschedules, HotSchedules
1118115766, com.ninjakiwi.bloonstd6, Bloons TD 6
1093131935, com.sofarsogood.incredibox, Incredibox
625334537, com.robtop.geometryjump, Geometry Dash
824305459, com.flipline.papasfreezeriatogo, Papa's Freezeria To Go!
1596736236, com.rovio.abclassic22, Red's First Flight
1477966166, com.marmalade.monopoly, Monopoly - Classic Board Game
1439881811, com.stromdamage.RadarX, RadarOmega
525818839, com.ndemiccreations.plagueinc, Plague Inc.
916366645, au.com.savageinteractive.procreate-pocket, Procreate Pocket
529815782, com.domustechnica.tww, The Wonder Weeks
763692274, com.rockstargames.gta3sa, Grand Theft Auto: San Andreas
1406710800, com.chucklefish.stardewvalley, Stardew Valley
549105915, com.trueaxis.skate, True Skate
1502228408, com.44sevenmedia.75hard, 75 Hard
404990064, com.t11.celeste, SkyView®
575154654, me.pou.app, Pou
554937499, com.notdoppler.EarntoDie, Earn to Die
640364616, com.505games.terraria, Terraria
1075462280, com.jrustonapps.My-Aurora-Forecast-Pro, My Aurora Forecast Pro
891194610, com.notdoppler.EarntoDie2, Earn to Die 2
6445905944, EuphoricBrothersGames.Garten-Of-Banban-II, Garten of Banban 2
1164801111, com.tantsissa.AutoSleep, AutoSleep Track Sleep on Watch
1590622755, de.APPenzeller.WebWatcher, µBrowser
563718995, com.ninjakiwi.bloonstd5, Bloons TD 5
912536422, com.scottgames.fivenights, Five Nights at Freddy's
288419283, com.basevelocity.RadarScope, RadarScope
1642601792, com.RustyLake.ThePastWithin, The Past Within
1504952058, com.flipline.papassushiriatogo, Papa's Sushiria To Go!
497716362, com.sonosaurus.TETuner, TonalEnergy Tuner & Metronome
1295610132, de.2kit.Screen-Mirroring-Roku, Screen Mirroring + for Roku
6443817572, com.rotowire.baseball2023draft, Fantasy Baseball Draft Kit '23
941143328, com.scottgames.fnaf2, Five Nights at Freddy's 2
1591627945, com.flipline.papascluckeriatogo, Papa's Cluckeria To Go!
1551207253, com.flipline.papasmochariatogo, Papa's Mocharia To Go!
475249619, com.jloewy.mymacros, My Macros+ | Diet & Calories
373493387, net.ichi2.anki, AnkiMobile Flashcards
327963391, com.qxmd.pedsGuide, Pedi STAT
741990930, com.upallnitesoftware.walkoutsongdj, Walkout Song DJ
1451873044, com.flipline.papaswingeriatogo, Papa's Wingeria To Go!
1303222868, com.hindsightlabs.paprika.ios.v3, Paprika Recipe Manager 3
1150534552, com.marmalade.cluedogame, Clue: The Classic Mystery Game
1349292121, de.kamibox.typo, supertype
1479608271, com.rdamato.watchgames, Arcadia - Arcade Watch Games
586149216, com.Monash.FODMAP, Monash University FODMAP diet
1453990763, de.2kit.Screen-Mirroring-FireTV, Screen Mirroring+ for Fire TV
1491530147, com.humblebundle.slaythespire, Slay the Spire
1392608717, com.flipline.papasscooperiatogo, Papa's Scooperia To Go!
1029932207, com.flipline.papascupcakeriatogo, Papa's Cupcakeria To Go!
6446047813, com.modumhq.watchGPT, Petey - AI Assistant
600626116, com.flipline.papasburgeriatogo, Papa's Burgeria To Go!
301387274, com.boltcreative.pocketgod, Pocket God
1438245901, com.flipline.papaspancakeriatogo, Papa's Pancakeria To Go!
935216956, co.3909.papersplease, Papers, Please
1610947489, com.MOBGames.PoppyMobileChapterOne, Poppy Playtime Chapter 1
1062745479, com.tantsissa.Heartbeat, HeartWatch: Heart Rate Tracker
1463795337, de.2kit.Screen-Mirroring-Browser, Screen Mirroring+ App
723795263, com.etermax.preguntados.pro, Trivia Crack (No Ads)
866450515, com.forestapp.Forest, Forest: Focus for Productivity
1023146677, com.scottgames.fnaf4, Five Nights at Freddy's 4
925494667, com.flipline.papaspizzeriatogo, Papa's Pizzeria To Go!
317809458, net.liveatc.LiveATC, LiveATC Air Radio
578448682, com.rockstargames.gta3vc, Grand Theft Auto: Vice City
963034692, com.streaksapp.streak, Streaks
943869618, com.tocaboca.tocakitchen2, Toca Kitchen 2
1512751689, com.marmalade.gol2, The Game of Life 2
1319618742, net.Foddy.GettingOverIt, Getting Over It
754105884, com.interealtime.LightBoost, NightCap Camera
979540312, com.lazilyinspired.NorthernLights, Northern Lights Photo Taker
578665578, ch.threema.iapp, Threema. The Secure Messenger
1148321705, com.rockstargames.bully, Bully: Anniversary Edition
449735650, com.disney.SwampyGame, Where's My Water?
1478611992, com.giants-software.fs20, Farming Simulator 20
357421934, ch.peakfinder.peakfinder-alps, PeakFinder
1491196899, com.flipline.papasbakeriatogo, Papa's Bakeria To Go!
1536762482, com.spottedghosts.SpiritTalker, Spirit Talker
1633879571, com.PoppyMobileChapterTwo.PoppyPlaytimeChapterTwo, Poppy Playtime Chapter 2
1462324486, com.flipline.papasdonuteriatogo, Papa's Donuteria To Go!
1207867591, com.flipline.papastacomiatogo, Papa's Taco Mia To Go!
405835358, com.kvurd.milgps, MilGPS
365724094, com.corecoders.SkiTracks, Ski Tracks
1499849161, com.clickteam.ultimatecustomnight, Ultimate Custom Night
1492559559, com.letovaltsev.NorthernLightsForecast, Northern Lights Forecast
1477229754, com.flipline.papascheeseriatogo, Papa's Cheeseria To Go!
1456547302, com.7thbeat.adofai, A Dance of Fire and Ice
1117405948, com.marmalade.golmobile, The Game of Life
1103980407, com.radioreference.broadcastifyPro, Broadcastify Pro
298206806, com.massimobiolcati.iRealBook, iReal Pro
443321291, ccw, CCW – Concealed Carry 50 State
892279069, com.vitotechnology.StarWalk2, Star Walk 2: The Night Sky Map
1030902626, com.wb.scribblenauts3, Scribblenauts Unlimited
1111420122, am.impossible.hear-my-baby, Hear My Baby Heartbeat App
1621060772, com.sega.soccer.eleven, Football Manager 2023 Mobile
1126058329, de.2kit.cast-browser-lg-pro, TV Cast Pro for LG webOS
1152657123, com.flolivingalisavitti.myfloapp, MyFLO Period Tracker
454086751, com.infinitypocket.flickhomerun, Flick Home Run !
