1017492454, com.google.ios.youtubemusic, YouTube Music
1023146677, com.scottgames.fnaf4, Five Nights at Freddy's 4
1029932207, com.flipline.papascupcakeriatogo, Papa's Cupcakeria To Go!
1030902626, com.wb.scribblenauts3, Scribblenauts Unlimited
1038369065, org.iggymedia.periodtracker, Flo Period Tracker & Calendar
1058959277, com.ubercab.UberEats, Uber Eats: Food Delivery
1062745479, com.tantsissa.Heartbeat, HeartWatch: Heart Rate Tracker
1064216828, com.reddit.Reddit, Reddit
1073082439, com.jrustonapps.My-Aurora-Forecast, My Aurora Forecast & Alerts
1075462280, com.jrustonapps.My-Aurora-Forecast-Pro, My Aurora Forecast Pro
1077137248, sg.bigo.live, BIGO LIVE-Live Stream, Go Live
1090242126, com.bigfishgames.jackpotcityslotsf2pios, Jackpot Magic Slots™ & Casino
1092799236, yuca.scanner, Yuka - Food & Cosmetic scanner
1093131935, com.sofarsogood.incredibox, Incredibox
1094591345, com.nianticlabs.pokemongo, Pokémon GO
1095459556, com.nike.omega, Nike: Shoes, Apparel, Stories
1096918571, com.google.Tachyon, Google Meet
1098157959, com.topgamesinc.evony, Evony
1103980407, com.radioreference.broadcastifyPro, Broadcastify Pro
1105855019, com.playrix.gardenscapes-m3-ios, Gardenscapes
1111420122, am.impossible.hear-my-baby, Hear My Baby Heartbeat App
1113153706, com.microsoft.skype.teams, Microsoft Teams
1117405948, com.marmalade.golmobile, The Game of Life
1117841866, com.smallgiantgames.empires, Empires & Puzzles: Match 3 RPG
1118115766, com.ninjakiwi.bloonstd6, Bloons TD 6
1123582513, com.productmadness.mrcashmancasino, Cashman Casino Las Vegas Slots
1126058329, de.2kit.cast-browser-lg-pro, TV Cast Pro for LG webOS
1143836896, com.boogygames.BattleMod, Battle Mod
1148321705, com.rockstargames.bully, Bully: Anniversary Edition
1149994032, com.lightricks.Facetune2, Facetune AI Photo Video Editor
1150534552, com.marmalade.cluedogame, Clue: The Classic Mystery Game
1152657123, com.flolivingalisavitti.myfloapp, MyFLO Period Tracker
1164801111, com.tantsissa.AutoSleep, AutoSleep Track Sleep on Watch
1176027022, net.peakgames.toonblast, Toon Blast
1178765645, com.xfinity.digitalhome, Xfinity
1180884341, io.faceapp.ios, FaceApp: Perfect Face Editor
1182474649, com.FetchRewards.HopBeta, Fetch: Have Fun, Save Money
1195621598, com.playrix.gardenscapes-sweethome, Homescapes
1206967173, com.scopely.yux, Yahtzee® with Buddies Dice
1207867591, com.flipline.papastacomiatogo, Papa's Taco Mia To Go!
1208952944, com.gramgames.mergedragons, Merge Dragons!
1223338261, net.supertreat.solitaire, Solitaire Grand Harvest
1223471316, com.jadedlabs.arrive, Shop: All your favorite brands
1243005112, com.productmadness.lightninglink, Lightning Link Casino Slots
1245772818, com.vrbo.traveler, Vrbo Vacation Rentals
1260755201, com.zellepay.zelle, Zelle
1287282214, com.activision.callofduty.shooter, Call of Duty®: Mobile
1292952049, com.foxnextgames.m3, MARVEL Strike Force: Squad RPG
1295610132, de.2kit.Screen-Mirroring-Roku, Screen Mirroring + for Roku
1303222868, com.hindsightlabs.paprika.ios.v3, Paprika Recipe Manager 3
1308415878, com.gc.teammanager, GameChanger
1319618742, net.Foddy.GettingOverIt, Getting Over It
1330123889, com.tencent.ig, PUBG MOBILE
1349292121, de.kamibox.typo, supertype
1354260888, com.lilithgame.roc.ios, Rise of Kingdoms
1356045010, slots.diamondlife.casino.games.ios, Lotsa Slots™ - Vegas Casino
1358222641, jp.co.bandainamcoent.BNEI0334, DRAGON BALL LEGENDS
1371565796, com.plarium.raidlegends, RAID: Shadow Legends
1376515087, com.camelgames.aoz, Age of Origins:Tower Defense
1392608717, com.flipline.papasscooperiatogo, Papa's Scooperia To Go!
1399446592, com.thezeusnetwork.www, The Zeus Network
1404165333, slots.secretsauce.casino.games.free.ios, Cash Frenzy™ - Slots Casino
1405323394, app.hallow.Hallow, Hallow: Prayer & Meditation
1406710800, com.chucklefish.stardewvalley, Stardew Valley
1438166219, crumbl.cookies, Crumbl Cookies
1438245901, com.flipline.papaspancakeriatogo, Papa's Pancakeria To Go!
1439881811, com.stromdamage.RadarX, RadarOmega
1446075923, com.disney.disneyplus, Disney+
1451754591, com.doordash.dasher, DoorDash - Dasher
1451873044, com.flipline.papaswingeriatogo, Papa's Wingeria To Go!
1452474937, com.kingsgroup.ss, State of Survival: Zombie War
1453990763, de.2kit.Screen-Mirroring-FireTV, Screen Mirroring+ for Fire TV
1456547302, com.7thbeat.adofai, A Dance of Fire and Ice
1462324486, com.flipline.papasdonuteriatogo, Papa's Donuteria To Go!
1463795337, de.2kit.Screen-Mirroring-Browser, Screen Mirroring+ App
1464689103, com.MelsoftGames.FamilyIsland, Family Island — Farming game
1477229754, com.flipline.papascheeseriatogo, Papa's Cheeseria To Go!
1477966166, com.marmalade.monopoly, Monopoly - Classic Board Game
1478611992, com.giants-software.fs20, Farming Simulator 20
1479198816, com.rivergame.worldbattleGlobal, Top War: Battle Game
1479608271, com.rdamato.watchgames, Arcadia - Arcade Watch Games
1480805172, com.topultragame.slotlasvega, Cash Tornado™ Slots - Casino
1482155847, com.dreamgames.royalmatch, Royal Match
1483058899, com.bgg.jump, Project Makeover
1491196899, com.flipline.papasbakeriatogo, Papa's Bakeria To Go!
1491530147, com.humblebundle.slaythespire, Slay the Spire
1492559559, com.letovaltsev.NorthernLightsForecast, Northern Lights Forecast
1498327873, com.discovery.mobile.discoveryplus, discovery+ | Stream TV Shows
1499849161, com.clickteam.ultimatecustomnight, Ultimate Custom Night
1500855883, com.lemon.lvoverseas, CapCut - Video Editor
1502228408, com.44sevenmedia.75hard, 75 Hard
1504952058, com.flipline.papassushiriatogo, Papa's Sushiria To Go!
1508186374, com.peacocktv.peacock, Peacock TV: Stream TV & Movies
1512751689, com.marmalade.gol2, The Game of Life 2
1517783697, com.miHoYo.GenshinImpact, Genshin Impact
1517980891, com.global.ztmslg.ios, Puzzles & Survival
1522122685, com.newsclapper.video, Clapper: Video, Live, Chat
1536762482, com.spottedghosts.SpiritTalker, Spirit Talker
1540557475, com.more.lastfortress.appstore, Last Fortress: Underground
1543383072, com.abundance.global, Abundance Global
1551207253, com.flipline.papasmochariatogo, Papa's Mocharia To Go!
1552419407, com.campbellsci.CampbellGo, CampbellGo
1559479889, co.vulcanlabs.moodtracker, AI Chatbot - Open Chat Writer
1578646091, com.mitrevski.BabyApp, Baby Tracker Pro for Newborns
1590622755, de.APPenzeller.WebWatcher, µBrowser
1591627945, com.flipline.papascluckeriatogo, Papa's Cluckeria To Go!
1592081003, com.nvsgames.snap, MARVEL SNAP
1596736236, com.rovio.abclassic22, Red's First Flight
1596925536, io.bbalance, BBalance
1607122287, net.master.triple.3d.find, Triple Match 3D
1608877310, de.auric.hoertraining, audis Hörtraining
1610947489, com.MOBGames.PoppyMobileChapterOne, Poppy Playtime Chapter 1
1621060772, com.sega.soccer.eleven, Football Manager 2023 Mobile
1623332430, com.bienmedia.aunomdelaterretv, AuNomdelaTerre.tv
1628369082, gh.blazar.app, Blazar App
1632992501, org.alnf.warumunguftm, Arranji yukurnukku jinta!
1633879571, com.PoppyMobileChapterTwo.PoppyPlaytimeChapterTwo, Poppy Playtime Chapter 2
1634551626, com.coinidentifier.identifycoins, CoinSnap: Coin Identifier
1638096485, col.bloktopia.wallet, Bloktopia Wallet
1641486558, com.einnovation.temu, Temu: Shop Like a Billionaire
1642601792, com.RustyLake.ThePastWithin, The Past Within
1643894224, com.guryou.ancapilates, Anca Pilates
1644257259, com.zinpro.kennyapp, Speak EZ
1644289079, com.wimboat.pro, Wimboat Shipowner
1658377526, co.appnation.geniechat, Genie - AI Chatbot
1659267610, de.badenapps.unserbdz, BDZ Baden
1660440673, com.bekament.bk-loyalty-ino, Bekament Loyalty Ino
1660898349, com.antiersolutions.Ancrypto, Ancrypto
1663484649, com.technolee.rn.chemisto, Chemisto – Wholesale
1665903611, com.stephenedwards.caudex, caudex
1668372746, org.caterthumb, CaterThumb
1668672506, com.Ultimate.GlobalBags, Global Bags
1668787639, com.codeway.chatapp, Ask AI - Chat & Get Answers
1668845963, com.aigclinics.aigNow, AIG Now
1669007652, com.scaleup.chatai, Nova - AI Chatbot
1670393337, com.nickkohrn.AstrophotographyProjects, AstroPlans
1671419364, com.armoniadevs.armonia, Armonia Guitar Companion
1672232972, org.coruna.appcoruna, App Coruña
1672688728, com.vuild.WriteLikeMe, Captions
1673283881, com.brawlStar.BestGuide.simulation, Brawl Pass and Stats for Brawl
282614216, com.ebay.iphone, eBay Marketplace: Shop & Sell
283646709, com.yourcompany.PPClient, PayPal - Send, Shop, Manage
284035177, com.pandora, Pandora: Music & Podcasts
284815942, com.google.GoogleMobile, Google
284862083, com.nytimes.NYTimes, The New York Times
284882215, com.facebook.Facebook, Facebook
284910350, com.yelp.yelpiphone, Yelp: Food, Delivery & Reviews
284993459, com.shazam.Shazam, Shazam: Music Discovery
288419283, com.basevelocity.RadarScope, RadarScope
288429040, com.linkedin.LinkedIn, LinkedIn: Network & Job Finder
294934058, com.hotschedules.hotschedules, HotSchedules
297430070, com.target.Target, Target
297606951, com.amazon.Amazon, Amazon Shopping
298206806, com.massimobiolcati.iRealBook, iReal Pro
298867247, com.chase, Chase Mobile®: Bank & Invest
301387274, com.boltcreative.pocketgod, Pocket God
310633997, net.whatsapp.WhatsApp, WhatsApp Messenger
310738695, com.zillow.ZillowMap, Zillow Real Estate & Rentals
317469184, com.espn.ScoreCenter, ESPN: Live Sports & Scores
317809458, net.liveatc.LiveATC, LiveATC Air Radio
319881193, com.grindrguy.grindrx, Grindr - Gay Dating & Chat
323229106, com.waze.iphone, Waze Navigation & Live Traffic
324684580, com.spotify.client, Spotify - Music and Podcasts
327630330, com.getdropbox.Dropbox, Dropbox: Cloud Files Storage
327963391, com.qxmd.pedsGuide, Pedi STAT
329913454, com.crunchyroll.iphone, Crunchyroll
331177714, com.starbucks.mystarbucks, Starbucks
333903271, com.atebits.Tweetie2, Twitter
336353151, com.soundcloud.TouchApp, SoundCloud: Discover New Music
338137227, com.walmart.electronics, Walmart: Shopping & Savings
341232718, com.myfitnesspal.mfp, MyFitnessPal: Calorie Counter
351727428, net.kortina.labs.Venmo, Venmo
357421934, ch.peakfinder.peakfinder-alps, PeakFinder
363590051, com.netflix.Netflix, Netflix
365399299, us.parkmobile.ParkMobile, ParkMobile - Find Parking
365724094, com.corecoders.SkiTracks, Ski Tracks
367003839, com.booking.BookingApp, Booking.com: Hotels & Travel
368677368, com.ubercab.UberClient, Uber - Request a ride
373493387, net.ichi2.anki, AnkiMobile Flashcards
376510438, com.hulu.plus, Hulu: Stream TV & movies
379693831, com.audible.iphone, Audible: Audio Entertainment
382497397, com.samsclub.samsapp, Sam's Club
382698565, com.aa.AmericanAirlines, American Airlines
384830320, com.life360.safetymap, Life360: Find Family & Friends
388491656, com.delta.iphone.ver1, Fly Delta
389781154, com.nfl.gamecenter, NFL
389801252, com.burbn.instagram, Instagram
401626263, com.airbnb.app, Airbnb
404990064, com.t11.celeste, SkyView®
405075943, com.alltrails.AllTrails, AllTrails: Hike, Bike & Run
405835358, com.kvurd.milgps, MilGPS
406889139, com.mobile-softing.coinmaster, Coin Master
407558537, com.capitalone.enterprisemobilebanking, Capital One Mobile
414706506, com.google.Translate, Google Translate
422689480, com.google.Gmail, Gmail - Email by Google
423246594, com.turner.mmod2011temp, NCAA March Madness Live
427916203, com.expedia.booking, Expedia: Hotels, Flights & Car
429047995, pinterest, Pinterest
431946152, com.roblox.robloxmobile, Roblox
436491861, com.dominos.iphone, Domino's Pizza USA
443321291, ccw, CCW – Concealed Carry 50 State
447188370, com.toyopagroup.picaboo, Snapchat
447553564, com.playtika.slotomania, Slotomania™ Slots Machine Game
449735650, com.disney.SwampyGame, Where's My Water?
449945214, com.united.UnitedCustomerFacingIPhone, United Airlines
454086751, com.infinitypocket.flickhomerun, Flick Home Run !
454638411, com.facebook.Messenger, Messenger
462054704, com.microsoft.Word, Microsoft Word
462638897, com.fitbit.FitbitMobile, Fitbit: Health & Fitness
470412147, com.poshmark.poshmark, Poshmark: Buy & Sell Fashion
475249619, com.jloewy.mymacros, My Macros+ | Diet & Calories
477128284, com.etsy.etsyforios, Etsy: Custom & Creative Goods
479516143, com.mojang.minecraftpe, Minecraft
482066631, com.roku.ios.roku, The Roku App (Official)
485126024, com.doubledowninteractive.DDCasino, DoubleDown™ Casino -Slots Game
487922291, com.eventbrite.attendee, Eventbrite
488818252, com.engauge.Chick-fil-A, Chick-fil-A
493619333, com.mlb.AtBatUniversal, MLB
497716362, com.sonosaurus.TETuner, TonalEnergy Tuner & Metronome
500003565, com.ticketmaster.ios.TicketmasterApp, Ticketmaster－Buy, Sell Tickets
507874739, com.google.Drive, Google Drive
510855668, com.amazon.mp3.AmazonCloudPlayer, Amazon Music: Songs & Podcasts
525818839, com.ndemiccreations.plagueinc, Plague Inc.
529379082, com.zimride.instant, Lyft
529479190, com.supercell.magic, Clash of Clans
529815782, com.domustechnica.tww, The Wonder Weeks
529996768, com.buffalo-studios.newflashbingo, Bingo Blitz™ - BINGO Games
530168168, com.cbsvideo.app, Paramount+
535886823, com.google.chrome.ios, Google Chrome
538212549, com.bigfishgames.bfcasinouniversalfreemium, Big Fish Casino: Slots
544007664, com.google.ios.youtube, YouTube: Watch, Listen, Stream
545519333, com.amazon.aiv.AIVApp, Amazon Prime Video
545599256, com.instacart, Instacart: Grocery delivery
546505307, us.zoom.videomeetings, Zoom - One Platform to Connect
547702041, com.cardify.tinder, Tinder - Dating New People
549105915, com.trueaxis.skate, True Skate
550221096, com.starz.starzplay, STARZ
553834731, com.midasplayer.apps.candycrushsaga, Candy Crush Saga
554937499, com.notdoppler.EarntoDie, Earn to Die
561311442, com.dollargeneral.iphone, Dollar General
561625752, com.tmobile.TMOAccess, T-Mobile
563718995, com.ninjakiwi.bloonstd5, Bloons TD 5
570060128, com.duolingo.DuolingoMobile, Duolingo - Language Lessons
571800810, com.calm.calmapp, Calm
575154654, me.pou.app, Pou
575980917, com.williamsinteractive.jackpotparty, Jackpot Party - Casino Slots
578448682, com.rockstargames.gta3vc, Grand Theft Auto: Vice City
578665578, ch.threema.iapp, Threema. The Secure Messenger
585027354, com.google.Maps, Google Maps
586149216, com.Monash.FODMAP, Monash University FODMAP diet
595287172, co.hinge.mobile.ios, Hinge Dating App: Meet People
600626116, com.flipline.papasburgeriatogo, Papa's Burgeria To Go!
623592465, com.wb.Ellen.HeadsUp, Heads Up!
625334537, com.robtop.geometryjump, Geometry Dash
638689075, com.playrix.township-ios, Township
640364616, com.505games.terraria, Terraria
6443817572, com.rotowire.baseball2023draft, Fantasy Baseball Draft Kit '23
6444290667, com.cheepsoft.ChristmasCountdown, Christmas Countdown Every Year
6444564203, com.mitzigensa.assetmanager, Asset Manager - Mitzigen
6444829128, com.impossible.bond.heartcompanion, Bond Heart Pulse App
6444880223, com.crunchyroll.sfduel, Street Fighter Duel
6445896627, com.daiylab.adaplus, Ada Plus
6445902248, app.birbal.advisor, Birbal Advisor
6445905944, EuphoricBrothersGames.Garten-Of-Banban-II, Garten of Banban 2
6445924590, com.ayberkoz.CTFPApp, Catch The Football Players
6445983839, com.edular.chrysm, Chrysm
6446021031, checkers.online.play.draughts.game.damas.dame, Checkers Online & Offline Game
6446047813, com.modumhq.watchGPT, Petey - AI Assistant
6446072175, com.jigsawgame.bibletheme, Bible Jigsaw Puzzles
6446093900, com.acremote.conditioner.Remote.controller.fortv, AC Remote & Air Conditioner
6446097512, com.innosa.bucabizim, BucaBizim
6446110323, com.dctt.absclientapp, ABS App 2.0
6446126142, com.arketa.sjadenyc, BY SJ 2.0
6446139178, com.mycompany.charjebeta, Charje
6446175148, com.flatgames.ageofsurvivors.io, Age of Survivors
6446203459, com.philippeetienne.carcareidle, Car Care Idle
6446212240, com.RahulBhalley.ConvoBrain, ConvoBrain: AI Chatbot
6446227840, fasting.carnivore.diet.meal, Carnivore - Fasting & Feasting
6446240479, com.devstree.blitzar, BlitzAR
6446281896, com.Tinkerbox.BallSortIdle, Ball Sort Idle
6446291033, com.clubautomation.chhrc.new, CHHRC
6446293298, rs.beautycenter.employees.app, Beauty Centar ADM
6446301396, com.saswell.thermostat.plus, Thermostat Plus
6446301894, com.KnightTerry.ArtiPhoto, ArtiPhoto - Wallpapers by AI
6446309378, com.aipiano, Ai piano - piano keyboard
6446312328, com.mav.unimedinterni, BenvenUnimed
6446325457, com.mrvina.ahasys, ahasys
6446327922, com.apptest34.apptest, Call Recorder ACR ™
6446349470, com.naturata.app, BioMarkt Naturata
6446352432, com.chools.bazarerie, Bazarerie
6446391624, GoldenBlue.Cliboards, Keyboard Auto Paste Snap Spam
6446409935, com.billtopup.app, Billtopup Prepaid Recharge
6446454760, com.andalusgames.arabiandagger, Arabian Dagger
6446457844, com.universalSpirituality.BhaktiGanga, Bhakti Ganga
6446485601, com.MetinY.RotatePuzzle3D, Rotating Puzzle 3D
6446491693, com.blast.baltimore, Baltimore Blast
6446495151, com.chungcucharmplaza, Chung Cư Charm Plaza
6446507903, com.takumi.taiwanmrt, Asia Rail Map - Tap to search!
6446605605, live.arrive.app, Arrive Booking
6446621640, AllomalarRelise, Allomalar
6446627068, com.atclicks.buyerday, Buyerday India
6446627847, com.staple.bicycle.racing.crazy.game, Bicycle Racing 3D Game
6446628148, com.rzmobile.fiyonkkuyumculuk, Fiyonk Kuyumculuk
6446630452, com.appokart.avtozona, Avtozona
6446630996, abc.prodein, ABC Prodein
6446637736, ie.zappy.chargeduprecovery, Charged Up Recovery
6446643216, com.infiniteplus.brushmaster, Brush Master - Color Painter
6446652078, com.allebrochures.store, Alle Brochures (BE)
6446652739, com.YellDuck.Block-Bash, Block Line Up
6446660878, com.sufakecall.calleridto, CallMeApp - Prank Caller IDs
6446669792, dev.oliverK.atomShoppingListRN, Atom Shopping List
6446670404, co.shopney.azzam1954, Azzam | 1954
6446674794, com.fitnessmobileapps.bmapp754392, Beehive Pole Studio
6446676602, com.gulserenbal.ageofgold, Age of gold
6446678258, com.perfectgymsa.PerfectGymGo.PerfectGymGo2.Bluewater, Bluewater Leisure Centre
6446679616, org.amca.amca, AMCA
6446683483, com.cellvilla.cellvilla, Cell Villa
6446683699, com.kod.arcanussideresort, Arcanus Side Resort
6446684183, ec.nokick, BlockBust
6446689382, com.techsimba.alg, ALG One2One
6446714366, com.subsplashconsulting.34MFQQ, Brownsville Baptist
6446714632, com.BD.Bodybuilding, BD Bodybuilding
6446715403, com.subsplashconsulting.9327Q5, Church in Livonia
6446716333, com.BruderLibrary.BruderEnrichmentLibrary, Bruder Enrichment Library
6446755018, net.mauriciojunior.ecode10.anamariauniformes1, Ana Maria Uniformes
6446757309, tashpmi.Buyrak-AI, Buyrak AI
6446758117, com.barnsteenstraat.upn.1129ch, Barnsteenstraat
6446760106, hu.carinopizzabp, Carino amit csak akarsz
6446761066, com.Bonz.BadRabbit, Bad’s Rabbit
6446762989, com.kolef.BISAEZOU, BISAEZOU
6446765932, com.CampusQiubf, Campus Qiubf
6446767049, BrunildaLopez.BrainBoost, SF TD
6446771309, de.bfs-ev, BFS Mobil
6446792189, com.QixingYizu, 启行易选
664575829, com.playrix.fishdom-freeplay, Fishdom
672902340, com.mtmapping.onxhunt, onX Hunt: GPS Hunting Maps
679805463, com.axs.AXSMobile, AXS Tickets
686449807, ph.telegra.Telegraph, Telegram Messenger
711923939, com.squareup.cash, Cash App
719525810, com.playtika.wsop, WSOP Poker: Texas Holdem Game
719972451, doordash.DoorDashConsumer, DoorDash - Food Delivery
723795263, com.etermax.preguntados.pro, Trivia Crack (No Ads)
741990930, com.upallnitesoftware.walkoutsongdj, Walkout Song DJ
749471884, com.cricut.explore, Cricut Design Space
754105884, com.interealtime.LightBoost, NightCap Camera
763692274, com.rockstargames.gta3sa, Grand Theft Auto: San Andreas
824305459, com.flipline.papasfreezeriatogo, Papa's Freezeria To Go!
835599320, com.zhiliaoapp.musically, TikTok
842842640, com.google.Docs, Google Docs: Sync, Edit, Share
842849113, com.google.Sheets, Google Sheets
850417475, com.midasplayer.apps.candycrushsodasaga, Candy Crush Soda Saga
866450515, com.forestapp.Forest, Forest: Focus for Productivity
878577184, zzkko.com.ZZKKO, SHEIN-Shopping Online
886445756, com.adrise.tubitv, Tubi - Watch Movies & TV Shows
891194610, com.notdoppler.EarntoDie2, Earn to Die 2
892279069, com.vitotechnology.StarWalk2, Star Walk 2: The Night Sky Map
892521917, com.gsn.ios.tripeaks2, Tiki Solitaire TriPeaks
896112560, com.kabam.marvelbattle, Marvel Contest of Champions
897446215, com.canva.canvaeditor, Canva: Design, Photo & Video
904052407, com.hopper.flights, Hopper: Flights, Hotels & Cars
912536422, com.scottgames.fivenights, Five Nights at Freddy's
916366645, au.com.savageinteractive.procreate-pocket, Procreate Pocket
922103212, com.mcdonalds.gma, McDonald's
925494667, com.flipline.papaspizzeriatogo, Papa's Pizzeria To Go!
930441707, com.moxco.bumble, Bumble - Dating. Friends. Bizz
932747118, com.liguangming.Shadowrocket, Shadowrocket
935216956, co.3909.papersplease, Papers, Please
941143328, com.scottgames.fnaf2, Five Nights at Freddy's 2
943869618, com.tocaboca.tocakitchen2, Toca Kitchen 2
945621521, com.ballytechnologies.quickhitslots, Quick Hit Slots - Casino Games
951627425, jp.co.bandainamcogames.BNGI0221, DRAGON BALL Z DOKKAN BATTLE
951937596, com.microsoft.Office.Outlook, Microsoft Outlook
962194608, com.google.photos, Google Photos
963034692, com.streaksapp.streak, Streaks
971265422, com.hbo.hbonow, HBO Max: Stream TV & Movies
979540312, com.lazilyinspired.NorthernLights, Northern Lights Photo Taker
983156458, com.microsoft.azureauthenticator, Microsoft Authenticator
985746746, com.hammerandchisel.discord, Discord - Chat, Talk & Hangout
996246479, com.showtime.standalone, SHOWTIME
